"","SVM_LABEL","SVM_PROB"
"1","1",0.656156621091687
"2","1",0.820782863579152
"3","1",0.645705747145474
"4","1",0.65822745034295
"5","1",0.760021285508457
"6","1",0.613865507881771
"7","1",0.595196652916312
"8","1",0.641997280627761
"9","1",0.510731512075696
"10","1",0.624134610712753
"11","1",0.63010460171078
"12","1",0.659379510874305
"13","1",0.613865507881771
"14","1",0.557288728199282
"15","1",0.544384448896459
"16","1",0.588413486963225
"17","1",0.613865507881771
"18","1",0.588413486963225
"19","1",0.580721425168206
"20","1",0.707118924309314
"21","1",0.631991031036043
"22","1",0.562117228445016
"23","1",0.695803662090351
"24","-1",0.566471256155405
"25","1",0.613865507881771
"26","1",0.565552350868292
"27","1",0.646228638343409
"28","1",0.66071799816606
"29","1",0.595647952000142
"30","1",0.791740262284084
"31","1",0.586713482219266
"32","1",0.854250132716366
"33","1",0.646228638343409
"34","1",0.667554730112426
"35","1",0.743551418276316
"36","1",0.929632316640092
"37","1",0.646994484653034
"38","1",0.525768570873292
"39","1",0.657574670352516
"40","1",0.613865507881771
"41","-1",0.592309534791537
"42","1",0.715607062302242
"43","1",0.648178153848466
"44","-1",0.520653280273578
"45","1",0.714011095509713
"46","1",0.682312267113546
"47","1",0.564329905573383
"48","1",0.724072612586806
"49","1",0.765632700587866
"50","1",0.54787450566096
"51","1",0.586713482219266
"52","1",0.613865507881771
"53","-1",0.5
"54","1",0.613865507881771
"55","1",0.811422038869466
"56","1",0.715607062302242
"57","1",0.715607062302242
"58","1",0.715607062302242
"59","1",0.715607062302242
"60","1",0.715607062302242
"61","1",0.715607062302242
"62","1",0.822963292907193
"63","1",0.689239521579801
"64","1",0.668147003773482
"65","1",0.613865507881771
"66","1",0.613865507881771
"67","1",0.613865507881771
"68","1",0.549461279870819
"69","1",0.754433306637993
"70","1",0.622401755649974
"71","1",0.648178153848466
"72","1",0.714011095509713
"73","1",0.682312267113546
"74","1",0.664816519602275
"75","1",0.96275734381793
"76","1",0.724072612586806
"77","1",0.765632700587866
"78","-1",0.5
"79","1",0.715607062302242
"80","1",0.715607062302242
"81","1",0.715607062302242
"82","1",0.668147003773482
"83","1",0.754433306637993
"84","1",0.794721212779419
"85","1",0.624831516894214
"86","1",0.647208749898502
"87","1",0.647208749898502
"88","1",0.651436894796018
"89","1",0.671217189712675
"90","1",0.671217189712675
"91","1",0.671217189712675
"92","1",0.613865507881771
"93","1",0.913313262513971
"94","1",0.771141925799968
"95","1",0.913313262513971
"96","1",0.771141925799968
"97","1",0.913313262513971
"98","1",0.771141925799968
"99","1",0.771141925799968
"100","1",0.771141925799968
"101","1",0.771141925799968
"102","1",0.913313262513971
"103","1",0.913313262513971
"104","1",0.913313262513971
"105","1",0.564329905573383
"106","1",0.79441109581795
